,accuracy,precision,recall,f1_score,roc_auc
Logistic Regression,0.6486486486486487,0.7221194879089615,0.6486486486486487,0.6729846729846729,0.8145320498261676
XGBoost (Standalone),0.8648648648648649,0.8688149688149689,0.8648648648648649,0.8506159220444934,0.9661507014448192
CatXGB Ensemble (Final),0.8918918918918919,0.8962162162162162,0.8918918918918919,0.8795045045045047,0.0
