,accuracy,precision,recall,f1_score,roc_auc
Logistic Regression,0.7333333333333333,0.7333333333333333,0.7333333333333333,0.7333333333333333,0.829387851348802
XGBoost (Standalone),0.8222222222222222,0.8496632996632997,0.8222222222222222,0.8095645722764366,0.938183361629881
CatXGB Ensemble (Final),0.8444444444444444,0.8638888888888889,0.8444444444444444,0.8355599977788882,0.9346
